"IndexCalfID","MotherID","NextCalfID","MomAgeBirthYrs","IndexOutcome","Season"
"ID1281","ID0022","ID1253",21.9644322845417,"died",1
"ID1253","ID0022","ID0014",27.8522571819425,"weaned",1
"ID0431","ID0025","ID1271",17.9863201094391,"weaned",1
"ID1271","ID0025","ID0484",25.9343365253078,"weaned",1
"ID0484","ID0025","ID1223",27.2694938440492,"died",0
"ID0011","ID0025","ID0523",33.469220246238,"died",0
"ID1817","ID0032","ID1444",28.9794801641587,"weaned",1
"ID1444","ID0032","ID1836",35.015047879617,"weaned",1
"ID1836","ID0032","ID0866",39.8057455540356,"weaned",1
"ID0310","ID0049","ID1355",13.9917920656635,"died",1
"ID1081","ID0055","ID1749",16.7387140902873,"died",1
"ID0061","ID0059","ID1357",25.9480164158687,"died",1
"ID0335","ID0062","ID1224",36.9740082079343,"died",1
"ID0079","ID0070","ID1589",19.953488372093,"weaned",1
"ID1589","ID0070","ID0653",22.4815321477428,"died",0
"ID0653","ID0070","ID1515",26.9357045143639,"weaned",1
"ID1515","ID0070","ID1933",28.8426812585499,"died",1
"ID1933","ID0070","ID1606",36.0574555403557,"died",1
"ID0125","ID0105","ID0660",17.9890560875513,"weaned",1
"ID1733","ID0133","ID0071",30.9794801641587,"died",1
"ID1518","ID0141","ID0277",24.9822161422709,"weaned",1
"ID0454","ID0145","ID1441",23.0670314637483,"died",1
"ID1441","ID0145","ID0143",28.1012311901505,"weaned",1
"ID1300","ID0147","ID0434",15.0451436388509,"weaned",1
"ID0434","ID0147","ID1519",16.7359781121751,"died",0
"ID1519","ID0147","ID1314",26.9794801641587,"weaned",1
"ID1834","ID0161","ID0767",32.265389876881,"died",0
"ID1386","ID0163","ID1913",20.9876880984952,"died",1
"ID1913","ID0163","ID0309",30.06292749658,"died",1
"ID1330","ID0168","ID0574",17.0041039671683,"died",1
"ID1533","ID0179","ID1243",19.2749658002736,"weaned",0
"ID1243","ID0179","ID1202",23.9835841313269,"weaned",1
"ID1399","ID0181","ID0231",26.9822161422709,"weaned",1
"ID0231","ID0181","ID0184",30.9302325581395,"weaned",1
"ID0221","ID0190","ID0193",20.3146374829001,"died",0
"ID0193","ID0190","ID0224",24.9822161422709,"weaned",1
"ID0224","ID0190","ID1322",29.1846785225718,"weaned",1
"ID0123","ID0190","ID0091",41.9699042407661,"died",1
"ID0091","ID0190","ID0126",43.9699042407661,"died",1
"ID0149","ID0203","ID0188",16.8946648426813,"weaned",1
"ID0188","ID0203","ID0418",18.1258549931601,"died",1
"ID0418","ID0203","ID0097",19.8604651162791,"died",1
"ID1646","ID0219","ID0155",19.9863201094391,"died",1
"ID0155","ID0219","ID1618",24.9822161422709,"died",1
"ID1618","ID0219","ID0204",27.9699042407661,"died",1
"ID0194","ID0224","ID0261",15.9890560875513,"weaned",1
"ID0185","ID0232","ID1056",31.0232558139535,"died",1
"ID1056","ID0232","ID0648",36.0574555403557,"died",1
"ID1672","ID0235","ID0090",19.8741450068399,"weaned",1
"ID0655","ID0255","ID1714",16.8454172366621,"weaned",1
"ID0898","ID0259","ID0525",16.9876880984952,"weaned",1
"ID1152","ID0285","ID1096",21.9835841313269,"weaned",1
"ID1145","ID0295","ID0290",26.9822161422709,"weaned",1
"ID0034","ID0300","ID0443",22.5034199726402,"weaned",0
"ID0443","ID0300","ID1021",26.1477428180575,"weaned",1
"ID1021","ID0300","ID0358",28.1477428180575,"died",1
"ID0575","ID0303","ID1574",19.9863201094391,"weaned",1
"ID1574","ID0303","ID0021",23.9835841313269,"died",1
"ID0787","ID0317","ID1166",23.9835841313269,"weaned",1
"ID1166","ID0317","ID0255",28.1860465116279,"weaned",1
"ID1510","ID0319","ID0114",17.1573187414501,"weaned",1
"ID0114","ID0319","ID1092",19.0259917920657,"died",1
"ID1092","ID0319","ID0282",20.9876880984952,"died",1
"ID1156","ID0320","ID0373",16.766073871409,"weaned",1
"ID1627","ID0321","ID0284",16.9904240766074,"died",1
"ID0284","ID0321","ID1511",18.9876880984952,"died",1
"ID0040","ID0325","ID1954",21.9835841313269,"died",1
"ID0915","ID0326","ID0677",18.0848153214774,"weaned",1
"ID0677","ID0326","ID1225",19.9644322845417,"died",1
"ID1662","ID0327","ID1298",27.0642954856361,"weaned",1
"ID1298","ID0327","ID1217",29.8960328317373,"died",1
"ID1368","ID0344","ID0618",25.9808481532148,"died",1
"ID0618","ID0344","ID0324",27.9097127222982,"died",1
"ID1924","ID0345","ID1220",24.7305061559508,"weaned",1
"ID0353","ID0365","ID0744",20.1067031463748,"weaned",1
"ID1910","ID0369","ID1767",28.9138166894665,"weaned",1
"ID1767","ID0369","ID0341",31.2694938440492,"died",0
"ID0341","ID0369","ID1429",37.9753761969904,"weaned",1
"ID1324","ID0379","ID0297",19.1600547195622,"died",1
"ID0381","ID0379","ID0350",29.0615595075239,"died",1
"ID1815","ID0397","ID0459",20.984952120383,"weaned",1
"ID0436","ID0402","ID0055",17.1545827633379,"weaned",1
"ID0055","ID0402","ID0398",34.0164158686731,"weaned",1
"ID0398","ID0402","ID0467",36.9767441860465,"died",1
"ID0415","ID0403","ID0464",22.1258549931601,"weaned",1
"ID0438","ID0411","ID0549",27.1463748290014,"died",1
"ID0549","ID0411","ID0383",29.9808481532148,"died",1
"ID0383","ID0411","ID1369",33.0287277701778,"died",1
"ID0332","ID0426","ID0941",24.2352941176471,"weaned",0
"ID0465","ID0436","ID0396",18.0984952120383,"weaned",1
"ID0396","ID0436","ID0146",22.0328317373461,"weaned",1
"ID0421","ID0464","ID1119",19.1381668946648,"died",0
"ID0494","ID0469","ID0955",27.4336525307798,"died",0
"ID0468","ID0470","ID0406",13.0451436388509,"died",1
"ID0755","ID0481","ID1575",15.2010943912449,"died",0
"ID1575","ID0481","ID1234",19.9425444596443,"weaned",1
"ID0258","ID0486","ID0478",16.0711354309166,"weaned",1
"ID0478","ID0486","ID1222",19.9863201094391,"weaned",1
"ID1799","ID0486","ID1291",25.9835841313269,"weaned",1
"ID1291","ID0486","ID0692",28.9794801641587,"weaned",1
"ID0692","ID0486","ID1378",30.9794801641587,"died",1
"ID1378","ID0486","ID1077",35.1436388508892,"weaned",1
"ID0487","ID0491","ID0479",20.0383036935705,"weaned",1
"ID1132","ID0519","ID0331",32.9138166894665,"died",1
"ID1965","ID0521","ID0890",27.4774281805746,"died",0
"ID1754","ID0541","ID1215",19.1053351573187,"died",1
"ID1215","ID0541","ID0730",20.984952120383,"died",1
"ID0730","ID0541","ID1765",23.9124487004104,"died",1
"ID1765","ID0541","ID0084",26.984952120383,"died",1
"ID1774","ID0563","ID0053",23.9835841313269,"weaned",1
"ID0053","ID0563","ID1906",33.7865937072503,"weaned",0
"ID0581","ID0576","ID0550",21.0697674418605,"died",1
"ID0550","ID0576","ID0583",24.1805745554036,"died",1
"ID1260","ID0589","ID1387",26.9822161422709,"weaned",1
"ID1293","ID0591","ID0625",27.9808481532148,"died",1
"ID0148","ID0595","ID0187",33.2311901504788,"died",0
"ID0187","ID0595","ID0555",35.2284541723666,"died",0
"ID0814","ID0598","ID1649",29.0998632010944,"died",1
"ID1649","ID0598","ID0732",32.8098495212038,"died",1
"ID1117","ID0602","ID0681",23.9835841313269,"died",1
"ID0610","ID0605","ID0613",16.109439124487,"weaned",1
"ID0613","ID0605","ID0599",20.9876880984952,"weaned",1
"ID0599","ID0605","ID0612",25.8166894664843,"died",1
"ID1431","ID0626","ID0600",22.9548563611491,"weaned",1
"ID0600","ID0626","ID1098",24.9630642954856,"died",1
"ID1098","ID0626","ID1487",33.8495212038304,"died",1
"ID0680","ID0627","ID1329",17.9863201094391,"weaned",1
"ID1329","ID0627","ID0631",23.9835841313269,"weaned",1
"ID1031","ID0629","ID1065",18.0328317373461,"weaned",1
"ID0286","ID0668","ID1530",16.155950752394,"died",1
"ID0445","ID0668","ID1018",25.9808481532148,"weaned",1
"ID0654","ID0678","ID0697",19.9863201094391,"weaned",1
"ID1148","ID0679","ID0594",19.9863201094391,"weaned",1
"ID1007","ID0679","ID0650",29.9808481532148,"weaned",1
"ID1415","ID0702","ID0865",28.9794801641587,"weaned",1
"ID0865","ID0702","ID1432",31.9781121751026,"weaned",1
"ID1432","ID0702","ID0548",39.9261285909713,"weaned",1
"ID0684","ID0709","ID1139",20.984952120383,"weaned",1
"ID0668","ID0709","ID0711",29.8932968536252,"weaned",1
"ID0711","ID0709","ID0640",36.9931600547196,"weaned",1
"ID0402","ID0721","ID0750",27.0205198358413,"weaned",1
"ID0750","ID0721","ID0780",29.9781121751026,"died",1
"ID1239","ID0722","ID1315",13.6689466484268,"died",0
"ID0796","ID0742","ID0366",16.4623803009576,"died",0
"ID1250","ID0748","ID0018",19.9863201094391,"weaned",1
"ID0795","ID0771","ID0722",25.0533515731874,"died",1
"ID1172","ID0772","ID0884",19.1326949384405,"weaned",1
"ID0884","ID0772","ID0757",23.0642954856361,"weaned",1
"ID0757","ID0772","ID0939",28.0902872777018,"weaned",1
"ID0939","ID0772","ID1211",29.2311901504788,"died",0
"ID1211","ID0772","ID1195",30.8153214774282,"died",1
"ID1195","ID0772","ID0729",33.0478796169631,"died",1
"ID0779","ID0778","ID0089",24.0136798905609,"weaned",1
"ID0788","ID0782","ID0734",34.6593707250342,"died",0
"ID0734","ID0782","ID0741",36.812585499316,"died",1
"ID0948","ID0787","ID1770",23.1135430916553,"weaned",1
"ID1770","ID0787","ID0093",27.0834473324213,"weaned",1
"ID1170","ID0797","ID0774",18.9001367989056,"died",1
"ID0774","ID0797","ID1213",24.9822161422709,"died",1
"ID1590","ID0804","ID1750",29.1025991792066,"died",1
"ID0805","ID0806","ID0801",16.2790697674419,"weaned",0
"ID1245","ID0809","ID0806",30.9767441860465,"weaned",1
"ID0806","ID0809","ID1654",36.8891928864569,"weaned",1
"ID1654","ID0809","ID0824",44.96853625171,"weaned",1
"ID0068","ID0818","ID1813",25.296853625171,"weaned",0
"ID1009","ID0835","ID0848",24.5636114911081,"weaned",0
"ID0848","ID0835","ID0897",26.7277701778386,"died",0
"ID0746","ID0844","ID0165",20.9876880984952,"weaned",1
"ID0165","ID0844","ID0580",29.0205198358413,"weaned",1
"ID0580","ID0844","ID0940",34.3201094391245,"died",0
"ID0940","ID0844","ID0843",38.1422708618331,"died",1
"ID0251","ID0852","ID0248",22.984952120383,"weaned",1
"ID0888","ID0858","ID0239",16.0410396716826,"weaned",1
"ID0239","ID0858","ID0849",20.0246238030096,"weaned",1
"ID0849","ID0858","ID0700",24.0519835841313,"weaned",1
"ID0700","ID0858","ID0086",28.8098495212038,"weaned",0
"ID0938","ID0871","ID0925",11.9917920656635,"died",1
"ID0925","ID0871","ID1072",15.2147742818057,"weaned",1
"ID0715","ID0874","ID1894",15.077975376197,"died",1
"ID1894","ID0874","ID0875",23.9835841313269,"weaned",1
"ID0850","ID0878","ID0839",25.9835841313269,"died",1
"ID0839","ID0878","ID0873",30.1012311901505,"weaned",1
"ID0967","ID0884","ID0203",18.9521203830369,"weaned",1
"ID0203","ID0884","ID0661",22.9165526675787,"weaned",1
"ID0661","ID0884","ID1923",26.984952120383,"died",1
"ID1923","ID0884","ID0480",28.7934336525308,"died",1
"ID0455","ID0894","ID0458",14.0957592339261,"died",1
"ID0458","ID0894","ID0859",17.1080711354309,"died",1
"ID0859","ID0894","ID0616",22.0218878248974,"weaned",1
"ID0986","ID0895","ID0836",26.311901504788,"weaned",0
"ID0171","ID0921","ID1241",17.9863201094391,"died",1
"ID1241","ID0921","ID1249",22.0355677154583,"weaned",1
"ID0019","ID0921","ID0837",33.499316005472,"weaned",0
"ID0911","ID0923","ID0912",12.0300957592339,"died",1
"ID0912","ID0923","ID1875",14.8891928864569,"died",1
"ID1875","ID0923","ID0876",21.0013679890561,"weaned",1
"ID0876","ID0923","ID1088",23.9507523939808,"weaned",1
"ID1088","ID0923","ID1122",25.0834473324213,"died",1
"ID1122","ID0923","ID1852",26.1887824897401,"died",0
"ID1181","ID0924","ID1377",26.9794801641587,"weaned",1
"ID0526","ID0931","ID0362",25.0642954856361,"weaned",1
"ID0298","ID0965","ID1182",41.1819425444596,"weaned",1
"ID1014","ID0982","ID1000",13.781121751026,"died",1
"ID1000","ID0982","ID0386",18.6922024623803,"died",1
"ID1085","ID0985","ID0520",25.9808481532148,"weaned",1
"ID1012","ID0989","ID0982",17.2777017783858,"died",0
"ID0982","ID0989","ID0993",21.0369357045144,"weaned",1
"ID0993","ID0989","ID0264",25.0341997264022,"weaned",1
"ID0264","ID0989","ID0560",29.1463748290014,"weaned",1
"ID0560","ID0989","ID1570",32.9794801641587,"died",1
"ID1570","ID0989","ID0706",36.3830369357045,"died",0
"ID0706","ID0989","ID0641",37.9316005471956,"died",1
"ID1536","ID0990","ID1004",18.0711354309166,"died",1
"ID1004","ID0990","ID1002",24.7824897400821,"died",0
"ID1002","ID0990","ID1019",31.0752393980848,"weaned",1
"ID1019","ID0990","ID0973",31.9781121751026,"died",1
"ID1153","ID0995","ID1264",35.2284541723666,"died",0
"ID0024","ID0998","ID0957",25.9835841313269,"weaned",1
"ID0276","ID1006","ID1845",30.9794801641587,"weaned",1
"ID1871","ID1078","ID1110",25.890560875513,"died",1
"ID1110","ID1078","ID1073",38.1395348837209,"weaned",1
"ID0676","ID1079","ID0624",38.9740082079343,"weaned",1
"ID1959","ID1091","ID1363",23.9835841313269,"weaned",1
"ID1235","ID1107","ID1597",19.1518467852257,"died",1
"ID1597","ID1107","ID0818",22.9822161422709,"weaned",1
"ID0937","ID1107","ID1111",32.2298221614227,"weaned",0
"ID1075","ID1110","ID1067",20.0437756497948,"weaned",1
"ID1067","ID1110","ID1136",24.9548563611491,"weaned",1
"ID1074","ID1112","ID1637",24.9822161422709,"weaned",1
"ID1637","ID1112","ID1509",33.9452804377565,"weaned",1
"ID0240","ID1135","ID0249",26.8399452804378,"died",1
"ID0971","ID1140","ID1566",20.9028727770178,"died",1
"ID1566","ID1140","ID1041",22.9001367989056,"died",1
"ID1041","ID1140","ID0233",24.8563611491108,"died",1
"ID0233","ID1140","ID1043",28.06292749658,"died",1
"ID1043","ID1140","ID0028",32.0164158686731,"died",1
"ID1231","ID1142","ID0913",15.9890560875513,"weaned",1
"ID0831","ID1148","ID0256",19.8194254445964,"weaned",1
"ID0256","ID1148","ID1639",21.8194254445964,"died",1
"ID1639","ID1148","ID0227",25.6990424076607,"weaned",1
"ID1177","ID1168","ID1204",18.984952120383,"weaned",1
"ID1642","ID1171","ID1200",21.1053351573187,"died",1
"ID1200","ID1171","ID0211",22.9822161422709,"died",1
"ID1196","ID1172","ID1395",14.2872777017784,"died",0
"ID1395","ID1172","ID1151",17.9124487004104,"weaned",1
"ID1151","ID1172","ID0751",19.6361149110807,"died",0
"ID0751","ID1172","ID1189",22.8317373461012,"weaned",1
"ID1189","ID1172","ID1918",26.9247606019152,"weaned",1
"ID1918","ID1172","ID1934",30.96853625171,"weaned",1
"ID1934","ID1172","ID1186",32.640218878249,"died",0
"ID1186","ID1172","ID1127",36.8426812585499,"weaned",1
"ID1302","ID1176","ID0300",21.9863201094391,"weaned",1
"ID0300","ID1176","ID1154",25.8987688098495,"weaned",1
"ID1210","ID1177","ID0316",17.1080711354309,"died",1
"ID0920","ID1178","ID0502",30.2708618331053,"weaned",0
"ID1626","ID1179","ID1162",29.1491108071135,"weaned",1
"ID0215","ID1185","ID0524",21.0670314637483,"weaned",1
"ID0275","ID1186","ID0917",15.2859097127223,"died",1
"ID0326","ID1191","ID0349",19.9863201094391,"weaned",1
"ID0349","ID1191","ID1169",23.0670314637483,"weaned",1
"ID1197","ID1191","ID0244",33.0287277701778,"died",1
"ID0244","ID1191","ID0904",37.0396716826265,"died",1
"ID1175","ID1208","ID1365",15.9042407660739,"weaned",1
"ID1880","ID1208","ID0432",31.718194254446,"died",0
"ID1037","ID1229","ID1301",22.984952120383,"weaned",1
"ID1301","ID1229","ID0357",27.8960328317373,"weaned",1
"ID0357","ID1229","ID0197",30.9794801641587,"died",1
"ID0197","ID1229","ID1730",42.2380300957592,"weaned",0
"ID0036","ID1277","ID1624",13.1573187414501,"died",1
"ID1624","ID1277","ID1445",22.374829001368,"weaned",0
"ID1323","ID1286","ID0974",21.9835841313269,"weaned",1
"ID1289","ID1288","ID1542",16.9876880984952,"weaned",1
"ID1542","ID1288","ID1238",21.0670314637483,"weaned",1
"ID1238","ID1288","ID1953",25.9835841313269,"weaned",1
"ID1953","ID1288","ID0815",37.2831737346101,"weaned",0
"ID1295","ID1291","ID1290",18.1313269493844,"weaned",1
"ID1290","ID1291","ID1292",20.984952120383,"died",1
"ID0481","ID1296","ID0622",14.9247606019152,"weaned",1
"ID0622","ID1296","ID1340",18.8727770177839,"weaned",1
"ID1340","ID1296","ID0724",22.9958960328317,"weaned",1
"ID0724","ID1296","ID0419",24.0738714090287,"died",1
"ID0419","ID1296","ID1325",25.8358413132695,"died",1
"ID1325","ID1296","ID1216",29.9644322845417,"weaned",1
"ID0495","ID1306","ID1354",19.9863201094391,"weaned",1
"ID1285","ID1333","ID0533",17.9890560875513,"weaned",1
"ID0533","ID1333","ID0760",20.9548563611491,"died",1
"ID0808","ID1337","ID1697",21.8194254445964,"weaned",1
"ID1697","ID1337","ID1622",25.8987688098495,"died",1
"ID1150","ID1356","ID1341",22.6894664842681,"weaned",0
"ID1341","ID1356","ID1481",28.9794801641587,"died",1
"ID1269","ID1359","ID1651",29.9124487004104,"died",1
"ID1183","ID1368","ID1282",13.2393980848153,"died",0
"ID1282","ID1368","ID1279",14.4487004103967,"died",0
"ID1279","ID1368","ID1296",16.0027359781122,"died",1
"ID1296","ID1368","ID0923",21.0177838577291,"weaned",1
"ID0923","ID1368","ID1827",25.9945280437756,"weaned",1
"ID1827","ID1368","ID0820",27.4117647058824,"died",0
"ID0820","ID1368","ID1486",33.0068399452804,"weaned",1
"ID1418","ID1380","ID0505",21.1053351573187,"weaned",1
"ID0505","ID1380","ID1258",23.9835841313269,"died",1
"ID1258","ID1380","ID0116",26.9794801641587,"weaned",1
"ID1328","ID1381","ID0646",25.9808481532148,"weaned",1
"ID0916","ID1402","ID1405",13.9890560875513,"died",1
"ID0629","ID1403","ID0420",14.9904240766074,"weaned",1
"ID1062","ID1422","ID0425",27.9808481532148,"weaned",1
"ID0871","ID1422","ID1201",34.9740082079343,"weaned",1
"ID0245","ID1435","ID0409",15.0560875512996,"died",1
"ID0409","ID1435","ID1414",23.140902872777,"died",1
"ID1414","ID1435","ID0761",25.0533515731874,"died",1
"ID0761","ID1435","ID1534",27.2421340629275,"died",1
"ID1061","ID1436","ID0112",15.9890560875513,"died",1
"ID0918","ID1441","ID1167",15.9890560875513,"died",1
"ID1167","ID1441","ID0065",26.9384404924761,"weaned",1
"ID0065","ID1441","ID1520",28.875512995896,"died",1
"ID0100","ID1463","ID1464",21.9863201094391,"died",1
"ID1621","ID1467","ID0707",20.984952120383,"weaned",1
"ID0707","ID1467","ID1443",25.2722298221614,"weaned",0
"ID1428","ID1469","ID0046",17.9425444596443,"weaned",1
"ID0046","ID1469","ID1005",22.1067031463748,"weaned",1
"ID1001","ID1485","ID1473",13.9753761969904,"died",1
"ID1473","ID1485","ID0312",16.7469220246238,"died",0
"ID1398","ID1488","ID1063",33.3898768809849,"died",0
"ID0295","ID1493","ID1350",19.0697674418605,"weaned",1
"ID1350","ID1493","ID0345",20.2380300957592,"died",0
"ID0345","ID1493","ID1128",23.93707250342,"weaned",1
"ID0320","ID1493","ID0072",32.9630642954856,"weaned",1
"ID0072","ID1493","ID1372",39.3871409028728,"weaned",0
"ID0107","ID1496","ID1522",20.984952120383,"weaned",1
"ID1522","ID1496","ID1149",25.9835841313269,"weaned",1
"ID1149","ID1496","ID1670",30.1477428180575,"weaned",1
"ID0790","ID1504","ID1808",19.9863201094391,"died",1
"ID1484","ID1523","ID1630",17.0697674418605,"weaned",1
"ID1630","ID1523","ID1586",22.4733242134063,"died",0
"ID1339","ID1529","ID0394",15.9890560875513,"weaned",1
"ID1612","ID1529","ID1593",29.077975376197,"weaned",1
"ID1593","ID1529","ID1494",32.4733242134063,"died",0
"ID0742","ID1548","ID1756",15.2175102599179,"weaned",1
"ID1756","ID1548","ID0216",18.0848153214774,"weaned",1
"ID0216","ID1548","ID1284",20.90560875513,"died",1
"ID1284","ID1548","ID0556",22.9357045143639,"died",1
"ID0556","ID1548","ID1962",27.1217510259918,"died",1
"ID1409","ID1552","ID0083",27.0642954856361,"weaned",1
"ID0799","ID1554","ID1771",19.0697674418605,"weaned",1
"ID1565","ID1558","ID0410",16.9521203830369,"weaned",1
"ID0410","ID1558","ID1567",19.9863201094391,"weaned",1
"ID1800","ID1558","ID1375",29.734610123119,"died",0
"ID0005","ID1565","ID0977",17.1080711354309,"died",1
"ID0977","ID1565","ID1044",21.0451436388509,"weaned",1
"ID1044","ID1565","ID1531",28.9794801641587,"died",1
"ID0781","ID1585","ID0435",27.2722298221614,"weaned",0
"ID0074","ID1587","ID0427",14.1969904240766,"died",1
"ID0395","ID1587","ID0407",24,"weaned",1
"ID0407","ID1587","ID0441",26.0328317373461,"died",1
"ID0441","ID1587","ID0429",30.1121751025992,"weaned",1
"ID0429","ID1587","ID0559",31.4227086183311,"died",0
"ID0559","ID1587","ID0356",33.3105335157319,"died",0
"ID1362","ID1592","ID0819",20.984952120383,"died",1
"ID0604","ID1597","ID0088",20.8207934336525,"weaned",1
"ID1761","ID1597","ID1900",29.8139534883721,"weaned",1
"ID1614","ID1616","ID1277",20.984952120383,"weaned",1
"ID1277","ID1616","ID1611",27.0396716826265,"weaned",1
"ID1611","ID1616","ID1435",28.9138166894665,"died",1
"ID0765","ID1632","ID0979",21.9863201094391,"died",1
"ID1042","ID1635","ID1393",21.9863201094391,"weaned",1
"ID1393","ID1635","ID0015",25.9835841313269,"weaned",1
"ID1854","ID1637","ID1442",19.9863201094391,"weaned",1
"ID1524","ID1638","ID1523",14.9712722298222,"died",1
"ID1523","ID1638","ID1620",19.0232558139535,"weaned",1
"ID1620","ID1638","ID0214",23.2065663474692,"weaned",1
"ID0214","ID1638","ID1532",27.0615595075239,"weaned",1
"ID1532","ID1638","ID1591",31.0232558139535,"weaned",1
"ID1591","ID1638","ID1652",35.0807113543092,"weaned",1
"ID1752","ID1657","ID1695",16.9904240766074,"weaned",1
"ID1716","ID1657","ID0970",32.9794801641587,"weaned",1
"ID0285","ID1659","ID0960",20.1532147742818,"weaned",1
"ID0960","ID1659","ID0864",22.8974008207934,"died",1
"ID1711","ID1660","ID0475",23.0259917920657,"died",1
"ID0475","ID1660","ID0247",28.9794801641587,"died",1
"ID0503","ID1661","ID1343",26.9357045143639,"weaned",1
"ID1700","ID1665","ID0554",15.9890560875513,"died",1
"ID1252","ID1667","ID0026",14.9876880984952,"weaned",1
"ID0026","ID1667","ID0557",21.4801641586867,"weaned",0
"ID0342","ID1691","ID0110",33.4719562243502,"weaned",0
"ID1674","ID1725","ID1097",22.984952120383,"weaned",1
"ID0234","ID1725","ID1633",32.0738714090287,"weaned",1
"ID1108","ID1734","ID1459",23.9835841313269,"died",1
"ID1628","ID1734","ID1011",30.5143638850889,"died",0
"ID0474","ID1744","ID0169",31.2694938440492,"died",0
"ID0169","ID1744","ID1382",40.3885088919289,"weaned",0
"ID0743","ID1751","ID1251",16.9603283173735,"weaned",1
"ID0031","ID1757","ID1667",15.9890560875513,"weaned",1
"ID1667","ID1757","ID1668",19.0670314637483,"weaned",1
"ID1668","ID1757","ID1715",21.9753761969904,"weaned",1
"ID1715","ID1757","ID1447",24.8974008207934,"died",1
"ID1447","ID1757","ID1763",29.3077975376197,"died",0
"ID0387","ID1758","ID0170",17.8768809849521,"weaned",1
"ID0170","ID1758","ID1342",18.96853625171,"died",1
"ID1717","ID1759","ID1768",17.9863201094391,"weaned",1
"ID1768","ID1759","ID0195",22.0218878248974,"weaned",1
"ID1137","ID1776","ID1787",22.9001367989056,"died",1
"ID1787","ID1776","ID1548",26.9822161422709,"weaned",1
"ID1548","ID1776","ID1891",30.9439124487004,"weaned",1
"ID1891","ID1776","ID0506",35.0396716826265,"weaned",1
"ID0303","ID1791","ID0325",15.9890560875513,"weaned",1
"ID0325","ID1791","ID0826",20.0683994528044,"weaned",1
"ID0826","ID1791","ID0167",23.8960328317373,"died",1
"ID1421","ID1794","ID1453",20.984952120383,"died",1
"ID1453","ID1794","ID1478",23.1518467852257,"died",1
"ID1718","ID1799","ID0517",21.0232558139535,"died",1
"ID0517","ID1799","ID1134",22.9384404924761,"died",1
"ID1134","ID1799","ID0534",26.9138166894665,"died",1
"ID1809","ID1803","ID1588",25.8522571819425,"died",1
"ID1424","ID1805","ID0137",25.0642954856361,"weaned",1
"ID0137","ID1805","ID1448",28.9794801641587,"weaned",1
"ID1013","ID1826","ID1203",35.8467852257182,"weaned",1
"ID1846","ID1833","ID1839",22.0246238030096,"weaned",1
"ID1839","ID1833","ID1864",24.9329685362517,"died",1
"ID1864","ID1833","ID1908",29.9808481532148,"weaned",1
"ID1887","ID1847","ID1863",26.5198358413133,"died",0
"ID0539","ID1858","ID1514",16.9876880984952,"weaned",1
"ID0002","ID1861","ID1159",23.9835841313269,"weaned",1
"ID1883","ID1862","ID1857",16.3556771545828,"died",0
"ID1860","ID1863","ID1237",24.5253077975376,"weaned",1
"ID0492","ID1867","ID1694",25.8960328317373,"died",1
"ID1694","ID1867","ID1165",32.9767441860465,"weaned",1
"ID0708","ID1881","ID0987",19.0670314637483,"weaned",1
"ID0987","ID1881","ID1070",23.0642954856361,"weaned",1
"ID1862","ID1886","ID1751",15.9890560875513,"weaned",1
"ID1751","ID1886","ID1584",19.1545827633379,"weaned",1
"ID1584","ID1886","ID1899",21.9863201094391,"weaned",1
"ID1899","ID1886","ID1868",24.9822161422709,"weaned",1
"ID1868","ID1886","ID0664",28.1477428180575,"weaned",1
"ID0664","ID1886",NA,33.9781121751026,"weaned",1
"ID1915","ID1891","ID1844",20.2872777017784,"weaned",0
"ID1844","ID1891","ID1829",22.1422708618331,"died",1
"ID0448","ID1893","ID0101",14.484268125855,"died",0
"ID1559","ID1914","ID0605",16.9876880984952,"died",1
"ID0605","ID1914","ID1858",21.9863201094391,"weaned",1
"ID1858","ID1914","ID0754",31.9316005471956,"weaned",1
"ID1922","ID1920","ID1928",18.1532147742818,"weaned",1
"ID1638","ID1929","ID0183",15.9890560875513,"weaned",1
"ID1528","ID1940","ID1564",16.9876880984952,"weaned",1
"ID1946","ID1944","ID1956",20.984952120383,"weaned",1
"ID1956","ID1944","ID1947",22.2982216142271,"died",0
"ID1947","ID1944","ID1939",23.3734610123119,"died",0
"ID1951","ID1948","ID1938",19.9015047879617,"weaned",1
"ID1925","ID1950","ID1932",24.9931600547196,"weaned",1
"ID1944","ID1951","ID1957",19.09439124487,"weaned",1
"ID1957","ID1951","ID1963",22.8618331053352,"died",1
