"IndexCalfID","MotherID","NextCalfID","CalfAgeDeathMon","Season","MomAgeBirthYrs","EventCensored","TimeToEvent","CalfAgeDeathCategories"
"ID1281","ID0022","ID1253",8.96846254927727,0,20.082135523614,1,13.7976346911958,"b.Calf.2mo.to.1y"
"ID1081","ID0055","ID1749",2.66097240473062,0,14.9404517453799,1,19.053876478318,"b.Calf.2mo.to.1y"
"ID1224","ID0062",NA,6.11038107752957,0,36.9993155373032,0,46.3206307490145,"b.Calf.2mo.to.1y"
"ID1589","ID0070","ID0653",14.323258869908,1,19.9671457905544,1,16.0315374507227,"c.Calf.1y.to.2y"
"ID1933","ID0070","ID1606",16.557161629435,1,28.8624229979466,1,70.0722733245729,"c.Calf.1y.to.2y"
"ID1733","ID0133","ID0071",19.9737187910644,0,27.0006844626968,1,28.0223390275953,"c.Calf.1y.to.2y"
"ID0454","ID0145","ID1441",19.7437582128778,0,18.0013689253936,1,41.2286465177398,"c.Calf.1y.to.2y"
"ID0152","ID0145",NA,5.4862023653088,0,41.8097193702943,0,86.7608409986859,"b.Calf.2mo.to.1y"
"ID0434","ID0147","ID1519",4.69776609724047,0,15.0554414784394,1,15.6044678055191,"b.Calf.2mo.to.1y"
"ID1330","ID0168","ID0574",10.676741130092,0,13.927446954141,1,26.3797634691196,"b.Calf.2mo.to.1y"
"ID0123","ID0190","ID0091",7.29303547963206,0,35.8329911019849,1,66.688567674113,"b.Calf.2mo.to.1y"
"ID0188","ID0203","ID0418",2.06964520367937,1,16.9062286105407,1,12.7135348226018,"b.Calf.2mo.to.1y"
"ID0418","ID0203","ID0097",2.39816031537451,0,18.1382614647502,1,18.4296977660972,"b.Calf.2mo.to.1y"
"ID0097","ID0203",NA,5.32194480946124,0,19.8740588637919,0,3.61366622864652,"b.Calf.2mo.to.1y"
"ID0155","ID0219","ID1618",11.0709592641261,1,20,1,48.915900131406,"b.Calf.2mo.to.1y"
"ID0185","ID0232","ID1056",15.2102496714849,1,27.9151266255989,1,22.3390275952694,"c.Calf.1y.to.2y"
"ID1056","ID0232","ID0648",17.8055190538765,0,31.0444900752909,1,42.6412614980289,"c.Calf.1y.to.2y"
"ID0358","ID0300",NA,23.2917214191853,1,28.1670088980151,0,39.1261498028909,"c.Calf.1y.to.2y"
"ID0114","ID0319","ID1092",1.93823915900131,0,17.1690622861054,1,20.4993429697766,"a.Calf.under.2mo"
"ID0677","ID0326","ID1225",6.14323258869908,0,18.0971937029432,1,16.4257555847569,"b.Calf.2mo.to.1y"
"ID0618","ID0344","ID0324",5.09198423127464,0,25.9986310746064,1,18.0683311432326,"b.Calf.2mo.to.1y"
"ID1324","ID0379","ID0297",12.5164257555848,1,12.082135523614,1,72.568988173456,"c.Calf.1y.to.2y"
"ID0381","ID0379","ID0350",4.82917214191853,0,27.0828199863107,1,19.1524310118265,"b.Calf.2mo.to.1y"
"ID1385","ID0395",NA,3.87647831800263,0,12.7118412046543,0,24.5400788436268,"b.Calf.2mo.to.1y"
"ID0398","ID0402","ID0467",7.09592641261498,0,34.0396988364134,1,28.4494086727989,"b.Calf.2mo.to.1y"
"ID0438","ID0411","ID0549",4.63206307490145,0,25.119780971937,1,19.9080157687254,"b.Calf.2mo.to.1y"
"ID0549","ID0411","ID0383",4.36925098554534,0,27.1649555099247,1,29.664914586071,"b.Calf.2mo.to.1y"
"ID0383","ID0411","ID1369",2.82522996057819,1,30.0013689253936,1,33.7713534822602,"b.Calf.2mo.to.1y"
"ID0421","ID0464","ID1119",7.32588699080158,0,15.9808350444901,1,30.7161629434954,"b.Calf.2mo.to.1y"
"ID0494","ID0469","ID0955",5.91327201051248,0,21.9411362080767,1,60.2168199737188,"b.Calf.2mo.to.1y"
"ID0755","ID0481","ID1575",3.25229960578187,0,12.082135523614,1,34.2969776609724,"b.Calf.2mo.to.1y"
"ID0692","ID0486","ID1378",11.3666228646518,1,28.9993155373032,1,12.6478318002628,"b.Calf.2mo.to.1y"
"ID1132","ID0519","ID0331",3.54796320630749,0,30.9596167008898,1,20.1708278580815,"b.Calf.2mo.to.1y"
"ID1754","ID0541","ID1215",6.34034165571616,0,12.1670088980151,1,77.0696452036794,"b.Calf.2mo.to.1y"
"ID1215","ID0541","ID0730",3.38370565045992,0,19.1184120465435,1,19.1852825229961,"b.Calf.2mo.to.1y"
"ID0730","ID0541","ID1765",3.21944809461235,0,20.9993155373032,1,31.9316688567674,"b.Calf.2mo.to.1y"
"ID1765","ID0541","ID0084",8.44283837056505,0,23.9288158795346,1,28.4494086727989,"b.Calf.2mo.to.1y"
"ID0084","ID0541",NA,2.03679369250986,1,27.0034223134839,0,63.8633377135348,"b.Calf.2mo.to.1y"
"ID0581","ID0576","ID0550",0.0328515111695138,1,19.9425051334702,1,13.6662286465177,"a.Calf.under.2mo"
"ID0550","ID0576","ID0583",6.37319316688568,0,21.0841889117043,1,30.9789750328515,"b.Calf.2mo.to.1y"
"ID0148","ID0595","ID0187",0.985545335085414,1,32,1,14.0604467805519,"a.Calf.under.2mo"
"ID0814","ID0598","ID1649",11.957950065703,1,22.0835044490075,1,72.4704336399474,"b.Calf.2mo.to.1y"
"ID0600","ID0626","ID1098",4.73061760840999,0,22.9705681040383,1,19.3823915900131,"b.Calf.2mo.to.1y"
"ID1762","ID0649",NA,3.21944809461235,0,32.331279945243,0,34.7568988173456,"b.Calf.2mo.to.1y"
"ID0650","ID0679",NA,14.323258869908,1,30.0013689253936,0,71.0906701708278,"c.Calf.1y.to.2y"
"ID0750","ID0721","ID0780",12.7792378449409,1,27.0390143737166,1,22.7332457293035,"c.Calf.1y.to.2y"
"ID0780","ID0721",NA,14.4875164257556,1,29.9986310746064,0,15.473061760841,"c.Calf.1y.to.2y"
"ID1239","ID0722","ID1315",15.7030223390276,0,10.9678302532512,1,16.8199737187911,"c.Calf.1y.to.2y"
"ID1315","ID0722",NA,12.5164257555848,0,13.678302532512,0,44.4480946123522,"c.Calf.1y.to.2y"
"ID0796","ID0742","ID0366",17.1813403416557,0,13.9438740588638,1,13.173455978975,"c.Calf.1y.to.2y"
"ID1105","ID0771",NA,15.9658344283837,0,29.9986310746064,0,50,"c.Calf.1y.to.2y"
"ID0939","ID0772","ID1211",1.37976346911958,1,28.1095140314853,1,12.3193166885677,"a.Calf.under.2mo"
"ID1211","ID0772","ID1195",0.558475689881735,0,29.2511978097194,1,18.4625492772668,"a.Calf.under.2mo"
"ID1195","ID0772","ID0729",6.70170827858081,0,30.8364134154689,1,20.1051248357424,"b.Calf.2mo.to.1y"
"ID0729","ID0772",NA,3.67936925098555,0,33.0704996577687,0,16.2286465177398,"b.Calf.2mo.to.1y"
"ID0734","ID0782","ID0741",6.50459921156373,1,34.6830937713895,1,19.3495400788436,"b.Calf.2mo.to.1y"
"ID1170","ID0797","ID0774",12.4507227332457,1,12.082135523614,1,69.5137976346912,"c.Calf.1y.to.2y"
"ID0774","ID0797","ID1213",4.17214191852825,0,18.9130732375086,1,68.8567674113009,"b.Calf.2mo.to.1y"
"ID1590","ID0804","ID1750",2.46386333771353,0,27.3675564681725,1,18.5939553219448,"b.Calf.2mo.to.1y"
"ID0940","ID0844","ID0843",7.19448094612352,1,34.3436002737851,1,38.6990801576872,"b.Calf.2mo.to.1y"
"ID0873","ID0878",NA,19.6452036793692,0,30.1218343600274,0,56.8331143232589,"c.Calf.1y.to.2y"
"ID1923","ID0884","ID0480",2.56241787122208,0,27.0034223134839,1,19.1524310118265,"b.Calf.2mo.to.1y"
"ID0455","ID0894","ID0458",0.26281208935611,1,13.1115674195756,1,11.6622864651774,"a.Calf.under.2mo"
"ID0458","ID0894","ID0859",0.525624178712221,1,14.1054072553046,1,35.6438896189225,"a.Calf.under.2mo"
"ID0616","ID0894",NA,5.05913272010512,0,22.0369609856263,0,22.9303547963206,"b.Calf.2mo.to.1y"
"ID0171","ID0921","ID1241",5.42049934296978,0,15.1676933607118,1,28.5479632063075,"b.Calf.2mo.to.1y"
"ID0911","ID0923","ID0912",0.0657030223390276,1,11.0198494182067,1,12.1550591327201,"a.Calf.under.2mo"
"ID0912","ID0923","ID1875",7.78580814717477,0,12.0383299110198,1,26.5440210249671,"b.Calf.2mo.to.1y"
"ID1088","ID0923","ID1122",0.854139290407359,1,23.9671457905544,1,12.7463863337714,"a.Calf.under.2mo"
"ID1122","ID0923","ID1852",0.0328515111695138,1,25.1006160164271,1,13.2391590013141,"a.Calf.under.2mo"
"ID1014","ID0982","ID1000",2.6281208935611,0,11.9014373716632,1,20.0394218134034,"b.Calf.2mo.to.1y"
"ID1000","ID0982","ID0386",3.38370565045992,0,13.7905544147844,1,55.5847568988173,"b.Calf.2mo.to.1y"
"ID1012","ID0989","ID0982",10.9724047306176,0,14.3381245722108,1,24.4415243101183,"b.Calf.2mo.to.1y"
"ID0560","ID0989","ID1570",15.9986859395532,0,29.1663244353183,1,30.0262812089356,"c.Calf.1y.to.2y"
"ID1570","ID0989","ID0706",0.558475689881735,1,33.0020533880903,1,40.3088042049934,"a.Calf.under.2mo"
"ID0706","ID0989","ID0641",3.8107752956636,0,36.4079397672827,1,14.7831800262812,"b.Calf.2mo.to.1y"
"ID1871","ID1078","ID1110",8.01576872536137,0,24,1,14.8817345597898,"b.Calf.2mo.to.1y"
"ID1073","ID1078",NA,3.54796320630749,0,38.1656399726215,0,60.4139290407359,"b.Calf.2mo.to.1y"
"ID1111","ID1107",NA,10.2825229960578,1,32.2518822724162,0,136.629434954008,"b.Calf.2mo.to.1y"
"ID1509","ID1112",NA,5.38764783180026,0,33.968514715948,0,72.9303547963206,"b.Calf.2mo.to.1y"
"ID0240","ID1135","ID0249",5.51905387647832,0,25.0376454483231,1,16.3272010512484,"b.Calf.2mo.to.1y"
"ID1566","ID1140","ID1041",9.98685939553219,0,20.9171800136893,1,13.9947437582129,"b.Calf.2mo.to.1y"
"ID1041","ID1140","ID0233",5.78186596583443,0,22.9158110882957,1,17.7069645203679,"b.Calf.2mo.to.1y"
"ID0233","ID1140","ID1043",2.6281208935611,1,24.8733744010951,1,35.8738501971091,"b.Calf.2mo.to.1y"
"ID1043","ID1140","ID0028",3.41655716162943,0,28.082135523614,1,44.053876478318,"b.Calf.2mo.to.1y"
"ID0028","ID1140",NA,3.97503285151117,0,32.0383299110199,0,77.5624178712221,"b.Calf.2mo.to.1y"
"ID1196","ID1172","ID1395",14.6517739816032,0,11.8932238193018,1,14.19185282523,"c.Calf.1y.to.2y"
"ID1151","ID1172","ID0751",7.29303547963206,0,17.9247091033539,1,13.4034165571616,"b.Calf.2mo.to.1y"
"ID1210","ID1177","ID0316",6.30749014454665,0,14.9979466119097,1,19.1524310118265,"b.Calf.2mo.to.1y"
"ID0118","ID1177",NA,0.919842312746386,1,22.0643394934976,0,38.7319316688568,"a.Calf.under.2mo"
"ID0275","ID1186","ID0917",0.0657030223390276,0,13.429158110883,1,22.3390275952694,"a.Calf.under.2mo"
"ID1197","ID1191","ID0244",6.27463863337714,0,31.0636550308008,1,17.5755584756899,"b.Calf.2mo.to.1y"
"ID0244","ID1191","ID0904",8.77135348226018,0,33.0513347022587,1,39.388961892247,"b.Calf.2mo.to.1y"
"ID0904","ID1191",NA,14.257555847569,0,37.0650239561944,0,14.9145860709593,"c.Calf.1y.to.2y"
"ID0357","ID1229","ID0197",18.4954007884363,0,27.9151266255989,1,18.5282522996058,"c.Calf.1y.to.2y"
"ID1218","ID1273",NA,6.50459921156373,0,22.0013689253936,0,71.419185282523,"b.Calf.2mo.to.1y"
"ID0036","ID1277","ID1624",1.60972404730618,1,11.0609171800137,1,23.6530880420499,"a.Calf.under.2mo"
"ID0724","ID1296","ID0419",0.0985545335085414,1,23.0116358658453,1,12.8449408672799,"a.Calf.under.2mo"
"ID0419","ID1296","ID1325",2.20105124835742,0,24.0903490759754,1,18.9553219448095,"b.Calf.2mo.to.1y"
"ID0533","ID1333","ID0760",18.1997371879106,0,18.0013689253936,1,17.4113009198423,"c.Calf.1y.to.2y"
"ID0760","ID1333",NA,8.08147174770039,0,20.9691991786448,0,34.2312746386334,"b.Calf.2mo.to.1y"
"ID1269","ID1359","ID1651",6.53745072273325,0,28,1,16.6557161629435,"b.Calf.2mo.to.1y"
"ID1183","ID1368","ID1282",0.657030223390276,1,12.1095140314853,1,13.0091984231275,"a.Calf.under.2mo"
"ID1282","ID1368","ID1279",0.164257555847569,0,13.2484599589322,1,14.3561103810775,"a.Calf.under.2mo"
"ID1279","ID1368","ID1296",1.34691195795007,0,14.4585900068446,1,17.3127463863338,"a.Calf.under.2mo"
"ID1827","ID1368","ID0820",3.77792378449409,0,26.0123203285421,1,13.2391590013141,"b.Calf.2mo.to.1y"
"ID0505","ID1380","ID1258",12.4835742444152,1,21.119780971937,1,22.0762155059133,"c.Calf.1y.to.2y"
"ID1631","ID1407",NA,13.2391590013141,1,29.0020533880903,0,52.6938239159001,"c.Calf.1y.to.2y"
"ID0245","ID1435","ID0409",2.95663600525624,0,13.201916495551,1,19.4152431011827,"b.Calf.2mo.to.1y"
"ID1414","ID1435","ID0761",2.72667542706965,0,23.1567419575633,1,20.2365308804205,"b.Calf.2mo.to.1y"
"ID0761","ID1435","ID1534",9.13272010512484,0,25.0704996577687,1,17.1484888304862,"b.Calf.2mo.to.1y"
"ID0065","ID1441","ID1520",6.76741130091984,0,26.9568788501027,1,16.4914586070959,"b.Calf.2mo.to.1y"
"ID1350","ID1493","ID0345",0.624178712220762,1,19.0828199863107,1,13.4034165571616,"a.Calf.under.2mo"
"ID0901","ID1504",NA,4.36925098554534,0,24.9034907597536,0,74.7371879106439,"b.Calf.2mo.to.1y"
"ID1701","ID1516",NA,9.85545335085414,1,14.9240246406571,0,29.0735873850197,"b.Calf.2mo.to.1y"
"ID1593","ID1529","ID1494",2.92378449408673,0,29.09787816564,1,37.8449408672799,"b.Calf.2mo.to.1y"
"ID0216","ID1548","ID1284",3.02233902759527,0,18.0971937029432,1,30.8475689881735,"b.Calf.2mo.to.1y"
"ID1284","ID1548","ID0556",5.91327201051248,0,20.9199178644764,1,18.4625492772668,"b.Calf.2mo.to.1y"
"ID0556","ID1548","ID1962",3.48226018396846,1,22.9514031485284,1,46.7805519053876,"b.Calf.2mo.to.1y"
"ID1800","ID1558","ID1375",13.6333771353482,0,27.2142368240931,1,16.8528252299606,"c.Calf.1y.to.2y"
"ID1375","ID1558",NA,0.0328515111695138,0,29.7549623545517,0,50.9198423127464,"a.Calf.under.2mo"
"ID0074","ID1587","ID0427",0.459921156373193,1,13.0403832991102,1,13.5348226018397,"a.Calf.under.2mo"
"ID0407","ID1587","ID0441",5.22339027595269,0,24.0164271047228,1,19.1852825229961,"b.Calf.2mo.to.1y"
"ID0429","ID1587","ID0559",2.33245729303548,0,30.1327857631759,1,13.4034165571616,"b.Calf.2mo.to.1y"
"ID0559","ID1587","ID0356",10.1511169513798,0,31.4442162902122,1,12.5164257555848,"b.Calf.2mo.to.1y"
"ID1546","ID1604",NA,5.28909329829172,1,29.4757015742642,0,114.947437582129,"b.Calf.2mo.to.1y"
"ID1611","ID1616","ID1435",8.44283837056505,0,27.0581793292266,1,14.0604467805519,"b.Calf.2mo.to.1y"
"ID1524","ID1638","ID1523",2.69382391590013,0,13.1252566735113,1,19.5795006570302,"b.Calf.2mo.to.1y"
"ID0080","ID1655",NA,13.2063074901445,1,22.0013689253936,0,148.718791064389,"c.Calf.1y.to.2y"
"ID0475","ID1660","ID0247",3.77792378449409,0,23.0417522245038,1,67.7069645203679,"b.Calf.2mo.to.1y"
"ID1700","ID1665","ID0554",2.36530880420499,1,13.9164955509925,1,22.634691195795,"b.Calf.2mo.to.1y"
"ID1723","ID1698",NA,18.7582128777924,0,12,0,47.1747700394218,"c.Calf.1y.to.2y"
"ID1108","ID1734","ID1459",17.4113009198423,0,18.135523613963,1,52.9566360052562,"c.Calf.1y.to.2y"
"ID0474","ID1744","ID0169",6.86596583442838,0,28.1670088980151,1,30.6176084099869,"b.Calf.2mo.to.1y"
"ID1382","ID1744",NA,2.46386333771353,0,40.4161533196441,0,34.4940867279895,"b.Calf.2mo.to.1y"
"ID1715","ID1757","ID1447",3.580814717477,0,21.990417522245,1,31.5045992115637,"b.Calf.2mo.to.1y"
"ID1447","ID1757","ID1763",16.4257555847569,0,24.9144421629021,1,36.5308804204993,"c.Calf.1y.to.2y"
"ID0170","ID1758","ID1342",0.525624178712221,1,17.8891170431211,1,12.5821287779238,"a.Calf.under.2mo"
"ID1400","ID1769",NA,4.79632063074901,0,34.2505133470226,0,34.1327201051248,"b.Calf.2mo.to.1y"
"ID0517","ID1799","ID1134",3.94218134034166,0,21.0376454483231,1,19.053876478318,"b.Calf.2mo.to.1y"
"ID1809","ID1803","ID1588",5.25624178712221,0,23.8329911019849,1,19.1852825229961,"b.Calf.2mo.to.1y"
"ID1839","ID1833","ID1864",6.4388961892247,0,22.0396988364134,1,28.4822601839685,"b.Calf.2mo.to.1y"
"ID1844","ID1891","ID1829",2.03679369250986,0,20.3011635865845,1,20.2365308804205,"b.Calf.2mo.to.1y"
"ID0448","ID1893","ID0101",13.6005256241787,1,10.9979466119097,1,28.3508541392904,"c.Calf.1y.to.2y"
"ID0101","ID1893",NA,22.3061760840999,0,14.4941820670773,0,49.7043363994744,"c.Calf.1y.to.2y"
"ID1559","ID1914","ID0605",7.45729303547963,0,15.0006844626968,1,16.5243101182654,"b.Calf.2mo.to.1y"
"ID1928","ID1920",NA,8.93561103810775,1,18.1656399726215,0,79.0078843626807,"b.Calf.2mo.to.1y"
"ID1956","ID1944","ID1947",3.31800262812089,0,20.9993155373032,1,12.4507227332457,"b.Calf.2mo.to.1y"
"ID1947","ID1944","ID1939",0.164257555847569,0,22.3134839151266,1,12.7463863337714,"a.Calf.under.2mo"
